{
  "project_info": {
    "project_number": "1025957521599",
    "project_id": "pixeldungeotc"
  },
  "client": [
    {
      "client_info": {
        "mobilesdk_app_id": "1:1025957521599:android:29a3bc325d5e495f",
        "android_client_info": {
          "package_name": "com.kurtyu.pd"
        }
      },
      "oauth_client": [],
      "api_key": [
        {
          "current_key": "AIzaSyBLjrlOYF3Z1tDM8ishhSWSijHnyj91jWY"
        }
      ],
      "services": {
        "analytics_service": {
          "status": 2,
          "analytics_property": {
            "tracking_id": "UA-44814408-3"
          }
        },
        "appinvite_service": {
          "status": 1,
          "other_platform_oauth_client": []
        },
        "ads_service": {
          "status": 1
        }
      }
    }
  ],
  "configuration_version": "1"
}